# ************************************************************
# Sequel Pro SQL dump
# Version 4096
#
# http://www.sequelpro.com/
# http://code.google.com/p/sequel-pro/
#
# Host: localhost (MySQL 5.5.38)
# Database: horoscope
# Generation Time: 2015-02-03 17:38:24 +0000
# ************************************************************


/*!40101 SET @OLD_CHARACTER_SET_CLIENT=@@CHARACTER_SET_CLIENT */;
/*!40101 SET @OLD_CHARACTER_SET_RESULTS=@@CHARACTER_SET_RESULTS */;
/*!40101 SET @OLD_COLLATION_CONNECTION=@@COLLATION_CONNECTION */;
/*!40101 SET NAMES utf8 */;
/*!40014 SET @OLD_FOREIGN_KEY_CHECKS=@@FOREIGN_KEY_CHECKS, FOREIGN_KEY_CHECKS=0 */;
/*!40101 SET @OLD_SQL_MODE=@@SQL_MODE, SQL_MODE='NO_AUTO_VALUE_ON_ZERO' */;
/*!40111 SET @OLD_SQL_NOTES=@@SQL_NOTES, SQL_NOTES=0 */;


# Dump of table company
# ------------------------------------------------------------

DROP TABLE IF EXISTS `company`;

CREATE TABLE `company` (
  `id` int(11) unsigned NOT NULL AUTO_INCREMENT,
  `id_status` int(11) DEFAULT NULL,
  `name` varchar(60) DEFAULT NULL,
  `rif` varchar(20) DEFAULT NULL,
  `email` varchar(60) DEFAULT NULL,
  `tlf` varchar(30) DEFAULT NULL,
  `slogan` varchar(100) DEFAULT NULL,
  `country` varchar(50) DEFAULT NULL,
  `state` varchar(50) DEFAULT NULL,
  `city` varchar(50) DEFAULT NULL,
  `zip_code` varchar(20) DEFAULT NULL,
  `address` text,
  `twitter` text,
  `facebook` text,
  PRIMARY KEY (`id`)
) ENGINE=MyISAM DEFAULT CHARSET=utf8;

LOCK TABLES `company` WRITE;
/*!40000 ALTER TABLE `company` DISABLE KEYS */;

INSERT INTO `company` (`id`, `id_status`, `name`, `rif`, `email`, `tlf`, `slogan`, `country`, `state`, `city`, `zip_code`, `address`, `twitter`, `facebook`)
VALUES
	(1,1,' horóscopo, inc','0102030405','contact@izodiac.me','+1 (405) - 510.86.82','My Slogan','United States','Oklahoma','Oklahoma City','73116','6417 N. Warren','https://twitter.com/w_oklahoma','https://www.facebook.com/woklahoma');

/*!40000 ALTER TABLE `company` ENABLE KEYS */;
UNLOCK TABLES;


# Dump of table content_type
# ------------------------------------------------------------

DROP TABLE IF EXISTS `content_type`;

CREATE TABLE `content_type` (
  `id` int(11) unsigned NOT NULL AUTO_INCREMENT,
  `name` varchar(50) DEFAULT NULL,
  PRIMARY KEY (`id`)
) ENGINE=MyISAM DEFAULT CHARSET=utf8;

LOCK TABLES `content_type` WRITE;
/*!40000 ALTER TABLE `content_type` DISABLE KEYS */;

INSERT INTO `content_type` (`id`, `name`)
VALUES
	(1,'Main menu'),
	(2,'Services'),
	(3,'Blog'),
	(4,'Training'),
	(5,'Wpanel');

/*!40000 ALTER TABLE `content_type` ENABLE KEYS */;
UNLOCK TABLES;


# Dump of table contents
# ------------------------------------------------------------

DROP TABLE IF EXISTS `contents`;

CREATE TABLE `contents` (
  `id` int(11) unsigned NOT NULL AUTO_INCREMENT,
  `id_status` char(1) DEFAULT NULL,
  `id_type` char(1) DEFAULT NULL,
  `id_content` int(11) DEFAULT NULL,
  `title` varchar(100) DEFAULT NULL,
  `title_english` varchar(100) DEFAULT NULL,
  `image` varchar(100) DEFAULT NULL,
  `summary` mediumtext,
  `summary_english` mediumtext,
  `body` mediumtext,
  `body_english` mediumtext,
  `author` varchar(100) DEFAULT NULL,
  `is_view` char(1) DEFAULT '0',
  `date` timestamp NULL DEFAULT CURRENT_TIMESTAMP,
  `jsLibraries` mediumtext,
  PRIMARY KEY (`id`)
) ENGINE=MyISAM DEFAULT CHARSET=utf8;

LOCK TABLES `contents` WRITE;
/*!40000 ALTER TABLE `contents` DISABLE KEYS */;

INSERT INTO `contents` (`id`, `id_status`, `id_type`, `id_content`, `title`, `title_english`, `image`, `summary`, `summary_english`, `body`, `body_english`, `author`, `is_view`, `date`, `jsLibraries`)
VALUES
	(1,'1','1',0,'nosotros','about us','img/contents/d63045ed31efc7bd623814242b9b5f8a.jpg','<p>Resumen de quienes somos</p>\n','<p>We provide premium Web Development and Web Design solutions in around the world. Our company provides professional websites that are strategically branded and mobile-friendly with responsive web design for organizations looking to grow their online business by having static, dynamic, e-Commerce, or CMS-based websites.</p>\n\n<p>We create all kinds of website for all purposes with usability, powerful scalability, and search engine optimization in mind. We inspire you for better branding that drives business growth using boosting features and awesome design.&nbsp;</p>\n','<p>cuerpo de quienes somos</p>\n','<p>Our company delivers scalable &amp; suitable digital solutions for small and big businesses. We love new challenges and we have a rare blend of both design, and development expertise that gives us the capabilities of building some complex and custom web features for our clients.</p>\n\n<p>With expertise spanning modern websites, e-commerce, video production, and mobile-responsive front-end design, our clients can enjoy the full spectrum of digital services from a single agency partner.</p>\n\n<p>We guarantee you getting more from the website using high value web features and by creating a better user experience that improves conversions and adapts the website to meet your needs of your online gate.</p>\n\n<h3><span style=\"color:#6a8f30\">Dynamic Websites for all purposes</span></h3>\n\n<table border=\"0\" cellpadding=\"0\" cellspacing=\"0\" style=\"width:100%\">\n	<tbody>\n		<tr>\n			<td>\n			<ul>\n				<li>e-Commerce Websites</li>\n			</ul>\n			</td>\n			<td>\n			<ul>\n				<li>Real Estate Finder Websites</li>\n			</ul>\n			</td>\n			<td>\n			<ul>\n				<li>Job Portals Websites</li>\n			</ul>\n			</td>\n			<td>\n			<ul>\n				<li>University Websites</li>\n			</ul>\n			</td>\n			<td>\n			<ul>\n				<li>Education Centre Websites</li>\n			</ul>\n			</td>\n		</tr>\n		<tr>\n			<td>\n			<ul>\n				<li>Auto Showroom Websites</li>\n			</ul>\n			</td>\n			<td>\n			<ul>\n				<li>Events Organizers websites</li>\n			</ul>\n			</td>\n			<td>\n			<ul>\n				<li>Medical Centre Websites</li>\n			</ul>\n			</td>\n			<td>\n			<ul>\n				<li>Tours Booking Websites</li>\n			</ul>\n			</td>\n			<td>\n			<ul>\n				<li>Online Magazine Websites</li>\n			</ul>\n			</td>\n		</tr>\n	</tbody>\n</table>\n\n<h3><span style=\"color:#6a8f30\">What we think ​</span></h3>\n\n<table border=\"0\" cellpadding=\"0\" cellspacing=\"0\" style=\"width:100%\">\n	<tbody>\n		<tr>\n			<td style=\"text-align:center\"><img alt=\"\" src=\"http://127.0.0.1/websarrollo/img/about_01.png\" style=\"height:132px; width:132px\" /></td>\n			<td style=\"text-align:center\"><img alt=\"\" src=\"http://127.0.0.1/websarrollo/img/about_02.png\" style=\"height:132px; width:132px\" /></td>\n			<td style=\"text-align:center\"><img alt=\"\" src=\"http://127.0.0.1/websarrollo/img/about_03.png\" style=\"height:132px; width:132px\" /></td>\n		</tr>\n		<tr>\n			<td style=\"text-align:center\"><span style=\"font-size:16px\"><strong>Responsive Design</strong></span></td>\n			<td style=\"text-align:center\"><strong><span style=\"font-size:16px\">Easy to Customize</span></strong></td>\n			<td style=\"text-align:center\"><strong><span style=\"font-size:16px\">Unlimited Flexibility</span></strong></td>\n		</tr>\n		<tr>\n			<td style=\"text-align:center\">A website that is fully optimized for tablets and mobile devices</td>\n			<td style=\"text-align:center\">We build powerful CMS-based websites where you can edit content easily</td>\n			<td style=\"text-align:center\">Super flexible websites for all purposes, aiming to grow your business</td>\n		</tr>\n	</tbody>\n</table>\n\n<h3><span style=\"color:#6a8f30\">5 Steps to get your website done with us</span></h3>\n\n<table border=\"0\" cellpadding=\"0\" cellspacing=\"0\" style=\"width:100%\">\n	<tbody>\n		<tr>\n			<td><span style=\"color:#000000\"><strong><em>1. First Meeting &amp; Discussion</em></strong></span></td>\n			<td><strong><em>2. Planning &amp; Research</em></strong></td>\n		</tr>\n		<tr>\n			<td>\n			<p>A coffee, a pencil, and a white paper. Discussion about your website purpose, goals, target audience, and content.</p>\n\n			<p>Here we clarify a brief image about the nature of work and style, then we write down inputs and suggestions about your project.</p>\n			</td>\n			<td>\n			<p>Using the information gathered from step #1, it is time to put together a plan for your web site. This is the point where a site map is developed.</p>\n\n			<p>We will list all main topic areas of the site, as well as scales, timelines, technology to be used.</p>\n			</td>\n		</tr>\n		<tr>\n			<td><em><strong>3. Proposing a Solution</strong></em></td>\n			<td><em><strong>4. Design &amp; Development</strong></em></td>\n		</tr>\n		<tr>\n			<td>\n			<p>According to the discussion in step #1, and the plan in step #2, we will propose a solution that fits your requirements. &nbsp;</p>\n\n			<p>Now; ideas are visibly structured into a proposed project, so we will design a proper layout for your expected website.</p>\n			</td>\n			<td>\n			<p>In this step, communication between us and you is close to ensure that the final website will match your needs and taste. &nbsp;</p>\n\n			<p>Here we start developing your website with passion using various web programming languages and web technologies &amp; elements.</p>\n			</td>\n		</tr>\n		<tr>\n			<td><em><strong>5. Testing &amp; Delivery</strong></em></td>\n			<td>&nbsp;</td>\n		</tr>\n		<tr>\n			<td>Congratulations! You are almost Done. At this point, we come to the final review &amp; test for your expected website in order to launch it live for public audience.</td>\n			<td>&nbsp;</td>\n		</tr>\n	</tbody>\n</table>\n','izodiac','0','2015-01-31 02:01:47',NULL),
	(2,'1','1',0,'servicios','services','img/contents/e5fd794de5c22a9e4b4fcc8f0b56a270.png','Resumen','Summary','Cuerpo','Body','izodiac','0','2014-09-05 09:09:52',NULL),
	(21,'1','3',0,'blog 4 ES','blog 4','img/contents/0f5430f0da0e72d02aa4017ee3d64dbe.jpg','<p>ES, Lorem ipsum dolor sit amet, consetetur sadipscing elitr, sed diam nonumy eirmod tempor invidunt ut labore et dolore magna aliquyam erat, sed diam voluptua. At vero eos et accusam et justo duo dolores et ea rebum. Stet clita kasd gubergren, no sea takimata sanctus est Lorem ipsum dolor sit amet. Lorem ipsum dolor sit amet, consetetur sadipscing elitr, sed diam nonumy eirmod tempor invidunt ut labore et dolore magna aliquyam erat, sed diam voluptua. At vero eos et accusam et justo duo dolores et ea rebum. Stet clita kasd gubergren, no sea takimata sanctus est Lorem ipsum dolor sit amet. Lorem ipsum dolor sit amet, consetetur sadipscing elitr, sed diam nonumy eirmod tempor invidunt ut labore et dolore magna aliquyam erat, sed diam voluptua. At vero eos et accusam et justo duo dolores et ea rebum. Stet clita kasd gubergren, no sea takimata sanctus est Lorem ipsum dolor sit amet.</p>\n','<p>Lorem ipsum dolor sit amet, consetetur sadipscing elitr, sed diam nonumy eirmod tempor invidunt ut labore et dolore magna aliquyam erat, sed diam voluptua. At vero eos et accusam et justo duo dolores et ea rebum. Stet clita kasd gubergren, no sea takimata sanctus est Lorem ipsum dolor sit amet. Lorem ipsum dolor sit amet, consetetur sadipscing elitr, sed diam nonumy eirmod tempor invidunt ut labore et dolore magna aliquyam erat, sed diam voluptua. At vero eos et accusam et justo duo dolores et ea rebum. Stet clita kasd gubergren, no sea takimata sanctus est Lorem ipsum dolor sit amet. Lorem ipsum dolor sit amet, consetetur sadipscing elitr, sed diam nonumy eirmod tempor invidunt ut labore et dolore magna aliquyam erat, sed diam voluptua. At vero eos et accusam et justo duo dolores et ea rebum. Stet clita kasd gubergren, no sea takimata sanctus est Lorem ipsum dolor sit amet.</p>\n','<p>ES, Lorem ipsum dolor sit amet, consetetur sadipscing elitr, sed diam nonumy eirmod tempor invidunt ut labore et dolore magna aliquyam erat, sed diam voluptua. At vero eos et accusam et justo duo dolores et ea rebum. Stet clita kasd gubergren, no sea takimata sanctus est Lorem ipsum dolor sit amet. Lorem ipsum dolor sit amet, consetetur sadipscing elitr, sed diam nonumy eirmod tempor invidunt ut labore et dolore magna aliquyam erat, sed diam voluptua. At vero eos et accusam et justo duo dolores et ea rebum. Stet clita kasd gubergren, no sea takimata sanctus est Lorem ipsum dolor sit amet. Lorem ipsum dolor sit amet, consetetur sadipscing elitr, sed diam nonumy eirmod tempor invidunt ut labore et dolore magna aliquyam erat, sed diam voluptua. At vero eos et accusam et justo duo dolores et ea rebum. Stet clita kasd gubergren, no sea takimata sanctus est Lorem ipsum dolor sit amet.</p>\n\n<p>Lorem ipsum dolor sit amet, consetetur sadipscing elitr, sed diam nonumy eirmod tempor invidunt ut labore et dolore magna aliquyam erat, sed diam voluptua. At vero eos et accusam et justo duo dolores et ea rebum. Stet clita kasd gubergren, no sea takimata sanctus est Lorem ipsum dolor sit amet. Lorem ipsum dolor sit amet, consetetur sadipscing elitr, sed diam nonumy eirmod tempor invidunt ut labore et dolore magna aliquyam erat, sed diam voluptua. At vero eos et accusam et justo duo dolores et ea rebum. Stet clita kasd gubergren, no sea takimata sanctus est Lorem ipsum dolor sit amet. Lorem ipsum dolor sit amet, consetetur sadipscing elitr, sed diam nonumy eirmod tempor invidunt ut labore et dolore magna aliquyam erat, sed diam voluptua. At vero eos et accusam et justo duo dolores et ea rebum. Stet clita kasd gubergren, no sea takimata sanctus est Lorem ipsum dolor sit amet.</p>\n','<p>Lorem ipsum dolor sit amet, consetetur sadipscing elitr, sed diam nonumy eirmod tempor invidunt ut labore et dolore magna aliquyam erat, sed diam voluptua. At vero eos et accusam et justo duo dolores et ea rebum. Stet clita kasd gubergren, no sea takimata sanctus est Lorem ipsum dolor sit amet. Lorem ipsum dolor sit amet, consetetur sadipscing elitr, sed diam nonumy eirmod tempor invidunt ut labore et dolore magna aliquyam erat, sed diam voluptua. At vero eos et accusam et justo duo dolores et ea rebum. Stet clita kasd gubergren, no sea takimata sanctus est Lorem ipsum dolor sit amet. Lorem ipsum dolor sit amet, consetetur sadipscing elitr, sed diam nonumy eirmod tempor invidunt ut labore et dolore magna aliquyam erat, sed diam voluptua. At vero eos et accusam et justo duo dolores et ea rebum. Stet clita kasd gubergren, no sea takimata sanctus est Lorem ipsum dolor sit amet.</p>\n\n<p><span style=\"line-height:1.6\">Lorem ipsum dolor sit amet, consetetur sadipscing elitr, sed diam nonumy eirmod tempor invidunt ut labore et dolore magna aliquyam erat, sed diam voluptua. At vero eos et accusam et justo duo dolores et ea rebum. Stet clita kasd gubergren, no sea takimata sanctus est Lorem ipsum dolor sit amet. Lorem ipsum dolor sit amet, consetetur sadipscing elitr, sed diam nonumy eirmod tempor invidunt ut labore et dolore magna aliquyam erat, sed diam voluptua. At vero eos et accusam et justo duo dolores et ea rebum. Stet clita kasd gubergren, no sea takimata sanctus est Lorem ipsum dolor sit amet. Lorem ipsum dolor sit amet, consetetur sadipscing elitr, sed diam nonumy eirmod tempor invidunt ut labore et dolore magna aliquyam erat, sed diam voluptua. At vero eos et accusam et justo duo dolores et ea rebum. Stet clita kasd gubergren, no sea takimata sanctus est Lorem ipsum dolor sit amet.</span></p>\n','izodiac','0','2015-02-03 09:02:55',NULL),
	(10,'1','2',2,'alma astral','soul star','img/contents/5ea1cadcda89098465935dedb068ab0a.jpg','<p>With Traffic&#39;s comprehensive SEO services in the world, you can radically improve your search rankings on all the biggest search engines including Google, Yahoo, and Bing. We make sure that your business is always in search engines&#39; top results whenever a relevant query is made via any of the leading search engines.</p>\n\n<p>Our optimisation strategy is based on robust market analysis that our SEO experts conduct at the very start of the project. All the SEO techniques we apply are fully compliant with the industry standards. These are just some of the things that set Traffic apart from other run-of-the-mill SEO companies in the worldSEO strategy To impress Google&rsquo;s SERP, you need a strategy - full of diverse techniques and high quality practices. Only a good strategy can see your SEO through. At Traffic, we specialize in helping businesses mastermind and implement digital marketing strategies. Using a blend of conventional and advanced SEO techniques, we ensure your website ranks high for terms relevant for your specific business.</p>\n',NULL,'<h3><span style=\"color:#6A8F30\">SEO strategy </span></h3>\n\n<p>To impress Google&rsquo;s SERP, you need a strategy - full of diverse techniques and high quality practices. Only a good strategy can see your SEO through.</p>\n\n<p>At Traffic, we specialize in helping businesses mastermind and implement digital marketing strategies. Using a blend of conventional and advanced SEO techniques, we ensure your website ranks high for terms relevant for your specific business</p>\n\n<h3><span style=\"color:#6A8F30\">SEO keyword </span></h3>\n\n<p>Research Keyword research is an integral element of SEO. It is a delicate science involving research into search patterns, keyword relevancy, market analysis, and even consumer behavior. Do things right and you&rsquo;ll have a firm foundation for your entire SEO campaign; do things wrong and your SEO campaign will become a money pit.</p>\n\n<p>At Traffic, we specialize in smart keyword research. We offer advice on all aspects of your SEO strategy, and help you conduct detailed, insightful keyword research to get everything started the &#39;right&#39; way. Being a local SEO company, we understand regional search patters, and how these variances can boost up your site&rsquo;s SEO.</p>\n\n<h3><span style=\"color:#6A8F30\">Competitor analysis </span></h3>\n\n<p>Clever SEO involves digging into your competition&rsquo;s back link profile, conducting content audits, domain analysis to see what they are doing. Using this information to make your digital marketing even smarter is an essential ingredient of cost effective SEO.</p>\n\n<p>Traffic, being a clever SEO agency, enables you keep an eye on your biggest competitors, and helps you beat them. We understand that it isn&rsquo;t always the flashiest websites that&rsquo;s doing the most active trade &ndash; treats emerge from the unlikeliest of sources. Our SEO helps you counter these hidden threats.</p>\n\n<p><span style=\"color:#6A8F30\">On site SEO </span></p>\n\n<p>Selecting the right keywords and competition analysis is half the battle, turning this information into a workable &ldquo;on site/on page&rdquo; SEO plan is the key to success.</p>\n\n<p>Traffic&rsquo;s SEO not only helps you to improve your website, but also enables you to match keywords with target pages. By assisting you to enhance site accessibility, loading time, and architectural structure, we assist you to create a killer SEO campaign. Find out more about our design expertise.</p>\n\n<h3><span style=\"color:#6A8F30\">Off site SEO </span></h3>\n\n<p>Once the site is ready, SEOs start building links to open the site up for traffic. Linking building is not exactly a science, it is an art, which takes years to master. Simply building irrelevant links, can actually lead your site into trouble.</p>\n\n<p>From writing quality guest posts, to placing links on credible site, and social sharing &ndash; we know many offsite SEO tricks.</p>\n',NULL,'izodiac','0','2014-09-05 09:09:17',NULL),
	(12,'1','2',2,'carta astral',NULL,'img/contents/18e0652bf58416c24d33f50de0cfb89d.jpg','<p>Email marketing is by far the most frequently used (and misused) digital communications channel by organisations in the Middle East. Over 80% of brands and companies surveyed stated that Email was their primary method of keeping thier audiences up to date with their services and products.</p>\n',NULL,'<p>New, trackable communication methods have kickstarted the region&rsquo;s transition to an online world, with computer, tablet and smart phone developments making this a seamless process for the great majority of us. 31% of Middle East internet users now subscribe to email newsletters relating to companies and brands, while 20% have made purchases as a direct result of an email newsletter.</p>\n\n<h3><span style=\"color:#6A8F30\">Integral</span>&nbsp;</h3>\n\n<p>For many businesses, email marketing is an integral tool in their digital marketing strategy. An ease of access to return on investment (ROI) figures partnered with the generation of a wealth of metrics makes for one of the most successful channels in the digital marketer&rsquo;s current arsenal. With 84% of GCC based companies stating an increase in their digital marketing budgets by up to 50% within the coming year, it is only set to become an even more influential means of communication.</p>\n\n<p>However, many organisations fail to optimise their email marketing strategies often resulting in email campaigns that do more harm than good.</p>\n\n<h3><span style=\"color:#6A8F30\">Data Base&nbsp;</span></h3>\n\n<p>We are often asked &ldquo;So how much do you charge for an email list&rdquo; and our answer is always the same. We don&rsquo;t charge anything because we don&rsquo;t sell or rent email lists, we help you to develop your own targeted and relevant database. By doing so, we help to ensure that the people who receive emails from you want to do so and are interested in you, your products or your services, increasing open and click through rates.</p>\n\n<p>With an abundance of unsolicited, unappealing and annoying emails currently flooding the inboxes of internet users, it doesn&rsquo;t take much to turn potential customers into brand saboteurs, making it that much harder to develop meaningful relationships with these potential customers.</p>\n\n<h3><span style=\"color:#6A8F30\">Our email marketing suite</span></h3>\n\n<p>Our system allows you to generate and send out high quality HTML emails based on pre designed templates within minutes and with absolutely no technical knowledge. We help segment your database into groups based on your individual needs. For example, if you have an offer which is relevant to male members of the Saudi market, aged 24-35 who have purchased products from you within the last 6 months, we can ensure your promotion reaches exactly this audience.</p>\n\n<p>If you are interested in sending out quality HTML emails that are tested to display succesfully across 99% of all email clients such as Gmail, Outlook and Thunderbird, please get in touch with us today for a demonstration.</p>\n',NULL,'izodiac','0','2014-09-05 10:09:00',NULL),
	(13,'1','2',2,'prosperidad',NULL,'img/contents/92f25c75f02c1396c50d4d89a1c42f42.png','<p>What is an app? The term &ldquo;app&rdquo; is short for &ldquo;application&rdquo;. Within digital marketing, when we refer to an app, we are generally talking about a mobile application such as those that you, and millions of others, use every day on smart phones around the world, or a campaign application on your corporate Facebook page. &nbsp;</p>\n\n<p>When strategically developed and targeted, custom Facebook applications can support your outbound and inbound marketing or business goals with trackable results. With a Facebook population of over 22 million across the Middle East there&rsquo;s no question that your audience is ready.</p>\n',NULL,'<h3><span style=\"color:#6A8F30\">Custom applications</span></h3>\n\n<p>By rolling out unique and engaging promotions across your social media channels, you give your company or brand the ability to engage with your target market in a real and meaningful manner, increasing reach of information and customer conversion.</p>\n\n<p>A key benefit of custom applications, is the ability to gather user data as part of the process. &nbsp;This data can then be used to stay in touch with your audience, to drive key business decisions and to help direct your marketing strategies.</p>\n\n<p>How many people within your customer base are between the ages of 25 and 34? How many of these customers are male or female? How many live in Bahrain, Saudi Arabia or the greater GCC area? Any number of questions can be posed and answered giving you incredible insight into your target market.</p>\n\n<h3><span style=\"color:#6A8F30\">Keep it simple</span></h3>\n\n<p>We have rolled out a whole raft of custom applications for our customers, ranging from simple sign ups with custom landing pages, ensuring that your visitors are prompted to become a part of your community before being able to participate, through to fully customised treasure hunts, leading users to engage with each and every online and offline marketing channel available. &nbsp;</p>\n\n<p>We have learnt that the key to a successful campaign is ensuring that, no matter how many channels you wish to activate, the barriers to entry are as few as possible and that requirements necessary to engage are as simple as possible.</p>\n\n<h3><span style=\"color:#6A8F30\">Return of investment</span></h3>\n\n<p>Of course, a core concept of digital and social media marketing is the ability to track and analyse your return on investment. We ensure that, for every custom campaign developed, we track all the key analytical touch points you would expect: How many people visited the page? How many users clicked on the links? How many users shared content? How many users converted into fans? etc.</p>\n\n<p>By comparing this information against details gathered either before or after the campaign, we are able to assign a baseline to your standard traffic and conversion, therefore assigning any gains to activities undertaken in association with your campaign. &nbsp;</p>\n\n<p>For a clear example of an effective custom Facebook application, check out our case study on the &lsquo;Be A Part of Our History&rsquo; 2013 Porsche Boxster campaign.</p>\n',NULL,'izodiac','0','2014-09-05 10:09:48',NULL),
	(11,'1','2',2,'revolucion lunar',NULL,'img/contents/ddf03cf9f95b2f1c8913fdedd9997227.jpg','<p>The use of social media throughout the Middle East has exploded in recent years, with a diverse demographic of users embracing mainstream channels such as Facebook, Twitter, YouTube, LinkedIn and more. Thanks to the unstoppable driving force that is the internet, combined with rapid technological advancements, social media has become a main feature of daily life. It has been used in a wide variety of functions in the Arab world, from social and political causes to communications and marketing. &nbsp;</p>\n\n<p>Whether brands approve of it or not, many of these consumers are discussing their products and services through online channels. As the maturity and understanding of social media has developed in regional internet users, so has the opportunity to create measurable return on investment by incorporating these channels within existing marketing strategies.</p>\n',NULL,'<h3><span style=\"color:rgb(106, 143, 48)\">Social domination</span></h3>\n\n<p>The Middle East&rsquo;s internet usage is dominated by social networking and email, with some 88% of users actively engaging in social networking on a daily basis. With 34% making purchases through online channels, it&rsquo;s clear that the buying process for many consumers is heavily influenced by what is being said on social networking channels. This is made even clearer when you consider that 73% of internet users in the GCC state that their decision to buy products and services has been influenced by online reviews and discussions.</p>\n\n<h3><span style=\"color:rgb(106, 143, 48)\">The stats have it&nbsp;</span></h3>\n\n<p>Platforms such as Facebook, Twitter and YouTube are teeming with social activity from regional users and contain established communities that represent many organisations&rsquo; target audiences. Throughout the GCC alone the Facebook penetration rate has been measured at 98% of internet users, while Twitter has a penetration of 36%. &nbsp;</p>\n\n<p>61% of internet users in the GCC actively discuss brands, products and services through online mediums, whether on social networks, forums or blogs. Their opinions can be shared with hundred or even thousands of other internet browsers &ndash; essentially the internet has allowed anyone with an opinion to be heard by a very large audience if they choose to make their opinions public.</p>\n\n<h3><span style=\"color:rgb(106, 143, 48)\">Maintenance &amp; Opmisation</span></h3>\n\n<p>Our approach to social media marketing aims to develop authentic, two-way communications. We have learnt that creating relevant online communities consisting of engaged stakeholders and consumers is what leads to revenue generation. Combining individual research with our experience and expertise, we take a holistic approach that combines strategic goal setting, public relations and community management, making sure our clients receive the full benefit of having a great social media presence. &nbsp;</p>\n\n<p>Clients such as Audi, Spring of Culture and Porsche have benefited from our services &ndash; view case studies here.</p>\n',NULL,'izodiac','0','2014-09-05 10:09:29',NULL),
	(4,'1','1',0,'contacto','contact us',NULL,NULL,NULL,'contact',NULL,'izodiac','1',NULL,'http://maps.google.com/maps/api/js?sensor=false-jquery.gmap.min.js-contact.js'),
	(5,'1','5',0,'wpanel',NULL,NULL,NULL,NULL,'wpanel/index',NULL,'izodiac','1',NULL,''),
	(6,'1','5',0,'my account login',NULL,NULL,NULL,NULL,'wpanel/login',NULL,'izodiac','1',NULL,'wpanel/login.js'),
	(8,'1','5',0,'contents',NULL,NULL,NULL,NULL,'wpanel/contents',NULL,'izodiac','1',NULL,'ckeditor/ckeditor.js-wpanel/contents.js'),
	(7,'1','5',0,'secciones','sections',NULL,'',NULL,'wpanel/contents_list.php',NULL,'izodiac','1',NULL,'wpanel/contents_list.js'),
	(3,'1','1',0,'cursos','training','img/contents/e5fd794de5c22a9e4b4fcc8f0b56a270.png','Resumen','Summary','Cuerpo','Body','izodiac','0','2014-09-05 09:09:52',NULL),
	(19,'1','3',0,'blog 1 ES','blog 1','img/contents/0f5430f0da0e72d02aa4017ee3d64dbe.jpg','<p>ES, Lorem ipsum dolor sit amet, consetetur sadipscing elitr, sed diam nonumy eirmod tempor invidunt ut labore et dolore magna aliquyam erat, sed diam voluptua. At vero eos et accusam et justo duo dolores et ea rebum. Stet clita kasd gubergren, no sea takimata sanctus est Lorem ipsum dolor sit amet. Lorem ipsum dolor sit amet, consetetur sadipscing elitr, sed diam nonumy eirmod tempor invidunt ut labore et dolore magna aliquyam erat, sed diam voluptua. At vero eos et accusam et justo duo dolores et ea rebum. Stet clita kasd gubergren, no sea takimata sanctus est Lorem ipsum dolor sit amet. Lorem ipsum dolor sit amet, consetetur sadipscing elitr, sed diam nonumy eirmod tempor invidunt ut labore et dolore magna aliquyam erat, sed diam voluptua. At vero eos et accusam et justo duo dolores et ea rebum. Stet clita kasd gubergren, no sea takimata sanctus est Lorem ipsum dolor sit amet.</p>\n','<p>Lorem ipsum dolor sit amet, consetetur sadipscing elitr, sed diam nonumy eirmod tempor invidunt ut labore et dolore magna aliquyam erat, sed diam voluptua. At vero eos et accusam et justo duo dolores et ea rebum. Stet clita kasd gubergren, no sea takimata sanctus est Lorem ipsum dolor sit amet. Lorem ipsum dolor sit amet, consetetur sadipscing elitr, sed diam nonumy eirmod tempor invidunt ut labore et dolore magna aliquyam erat, sed diam voluptua. At vero eos et accusam et justo duo dolores et ea rebum. Stet clita kasd gubergren, no sea takimata sanctus est Lorem ipsum dolor sit amet. Lorem ipsum dolor sit amet, consetetur sadipscing elitr, sed diam nonumy eirmod tempor invidunt ut labore et dolore magna aliquyam erat, sed diam voluptua. At vero eos et accusam et justo duo dolores et ea rebum. Stet clita kasd gubergren, no sea takimata sanctus est Lorem ipsum dolor sit amet.</p>\n','<p>ES, Lorem ipsum dolor sit amet, consetetur sadipscing elitr, sed diam nonumy eirmod tempor invidunt ut labore et dolore magna aliquyam erat, sed diam voluptua. At vero eos et accusam et justo duo dolores et ea rebum. Stet clita kasd gubergren, no sea takimata sanctus est Lorem ipsum dolor sit amet. Lorem ipsum dolor sit amet, consetetur sadipscing elitr, sed diam nonumy eirmod tempor invidunt ut labore et dolore magna aliquyam erat, sed diam voluptua. At vero eos et accusam et justo duo dolores et ea rebum. Stet clita kasd gubergren, no sea takimata sanctus est Lorem ipsum dolor sit amet. Lorem ipsum dolor sit amet, consetetur sadipscing elitr, sed diam nonumy eirmod tempor invidunt ut labore et dolore magna aliquyam erat, sed diam voluptua. At vero eos et accusam et justo duo dolores et ea rebum. Stet clita kasd gubergren, no sea takimata sanctus est Lorem ipsum dolor sit amet.</p>\n\n<p>Lorem ipsum dolor sit amet, consetetur sadipscing elitr, sed diam nonumy eirmod tempor invidunt ut labore et dolore magna aliquyam erat, sed diam voluptua. At vero eos et accusam et justo duo dolores et ea rebum. Stet clita kasd gubergren, no sea takimata sanctus est Lorem ipsum dolor sit amet. Lorem ipsum dolor sit amet, consetetur sadipscing elitr, sed diam nonumy eirmod tempor invidunt ut labore et dolore magna aliquyam erat, sed diam voluptua. At vero eos et accusam et justo duo dolores et ea rebum. Stet clita kasd gubergren, no sea takimata sanctus est Lorem ipsum dolor sit amet. Lorem ipsum dolor sit amet, consetetur sadipscing elitr, sed diam nonumy eirmod tempor invidunt ut labore et dolore magna aliquyam erat, sed diam voluptua. At vero eos et accusam et justo duo dolores et ea rebum. Stet clita kasd gubergren, no sea takimata sanctus est Lorem ipsum dolor sit amet.</p>\n','<p>Lorem ipsum dolor sit amet, consetetur sadipscing elitr, sed diam nonumy eirmod tempor invidunt ut labore et dolore magna aliquyam erat, sed diam voluptua. At vero eos et accusam et justo duo dolores et ea rebum. Stet clita kasd gubergren, no sea takimata sanctus est Lorem ipsum dolor sit amet. Lorem ipsum dolor sit amet, consetetur sadipscing elitr, sed diam nonumy eirmod tempor invidunt ut labore et dolore magna aliquyam erat, sed diam voluptua. At vero eos et accusam et justo duo dolores et ea rebum. Stet clita kasd gubergren, no sea takimata sanctus est Lorem ipsum dolor sit amet. Lorem ipsum dolor sit amet, consetetur sadipscing elitr, sed diam nonumy eirmod tempor invidunt ut labore et dolore magna aliquyam erat, sed diam voluptua. At vero eos et accusam et justo duo dolores et ea rebum. Stet clita kasd gubergren, no sea takimata sanctus est Lorem ipsum dolor sit amet.</p>\n\n<p><span style=\"line-height:1.6\">Lorem ipsum dolor sit amet, consetetur sadipscing elitr, sed diam nonumy eirmod tempor invidunt ut labore et dolore magna aliquyam erat, sed diam voluptua. At vero eos et accusam et justo duo dolores et ea rebum. Stet clita kasd gubergren, no sea takimata sanctus est Lorem ipsum dolor sit amet. Lorem ipsum dolor sit amet, consetetur sadipscing elitr, sed diam nonumy eirmod tempor invidunt ut labore et dolore magna aliquyam erat, sed diam voluptua. At vero eos et accusam et justo duo dolores et ea rebum. Stet clita kasd gubergren, no sea takimata sanctus est Lorem ipsum dolor sit amet. Lorem ipsum dolor sit amet, consetetur sadipscing elitr, sed diam nonumy eirmod tempor invidunt ut labore et dolore magna aliquyam erat, sed diam voluptua. At vero eos et accusam et justo duo dolores et ea rebum. Stet clita kasd gubergren, no sea takimata sanctus est Lorem ipsum dolor sit amet.</span></p>\n','izodiac','0','2015-02-03 09:02:55',NULL),
	(20,'1','3',0,'blog 2 ES','blog 2','img/contents/0f5430f0da0e72d02aa4017ee3d64dbe.jpg','<p>ES, Lorem ipsum dolor sit amet, consetetur sadipscing elitr, sed diam nonumy eirmod tempor invidunt ut labore et dolore magna aliquyam erat, sed diam voluptua. At vero eos et accusam et justo duo dolores et ea rebum. Stet clita kasd gubergren, no sea takimata sanctus est Lorem ipsum dolor sit amet. Lorem ipsum dolor sit amet, consetetur sadipscing elitr, sed diam nonumy eirmod tempor invidunt ut labore et dolore magna aliquyam erat, sed diam voluptua. At vero eos et accusam et justo duo dolores et ea rebum. Stet clita kasd gubergren, no sea takimata sanctus est Lorem ipsum dolor sit amet. Lorem ipsum dolor sit amet, consetetur sadipscing elitr, sed diam nonumy eirmod tempor invidunt ut labore et dolore magna aliquyam erat, sed diam voluptua. At vero eos et accusam et justo duo dolores et ea rebum. Stet clita kasd gubergren, no sea takimata sanctus est Lorem ipsum dolor sit amet.</p>\n','<p>Lorem ipsum dolor sit amet, consetetur sadipscing elitr, sed diam nonumy eirmod tempor invidunt ut labore et dolore magna aliquyam erat, sed diam voluptua. At vero eos et accusam et justo duo dolores et ea rebum. Stet clita kasd gubergren, no sea takimata sanctus est Lorem ipsum dolor sit amet. Lorem ipsum dolor sit amet, consetetur sadipscing elitr, sed diam nonumy eirmod tempor invidunt ut labore et dolore magna aliquyam erat, sed diam voluptua. At vero eos et accusam et justo duo dolores et ea rebum. Stet clita kasd gubergren, no sea takimata sanctus est Lorem ipsum dolor sit amet. Lorem ipsum dolor sit amet, consetetur sadipscing elitr, sed diam nonumy eirmod tempor invidunt ut labore et dolore magna aliquyam erat, sed diam voluptua. At vero eos et accusam et justo duo dolores et ea rebum. Stet clita kasd gubergren, no sea takimata sanctus est Lorem ipsum dolor sit amet.</p>\n','<p>ES, Lorem ipsum dolor sit amet, consetetur sadipscing elitr, sed diam nonumy eirmod tempor invidunt ut labore et dolore magna aliquyam erat, sed diam voluptua. At vero eos et accusam et justo duo dolores et ea rebum. Stet clita kasd gubergren, no sea takimata sanctus est Lorem ipsum dolor sit amet. Lorem ipsum dolor sit amet, consetetur sadipscing elitr, sed diam nonumy eirmod tempor invidunt ut labore et dolore magna aliquyam erat, sed diam voluptua. At vero eos et accusam et justo duo dolores et ea rebum. Stet clita kasd gubergren, no sea takimata sanctus est Lorem ipsum dolor sit amet. Lorem ipsum dolor sit amet, consetetur sadipscing elitr, sed diam nonumy eirmod tempor invidunt ut labore et dolore magna aliquyam erat, sed diam voluptua. At vero eos et accusam et justo duo dolores et ea rebum. Stet clita kasd gubergren, no sea takimata sanctus est Lorem ipsum dolor sit amet.</p>\n\n<p>Lorem ipsum dolor sit amet, consetetur sadipscing elitr, sed diam nonumy eirmod tempor invidunt ut labore et dolore magna aliquyam erat, sed diam voluptua. At vero eos et accusam et justo duo dolores et ea rebum. Stet clita kasd gubergren, no sea takimata sanctus est Lorem ipsum dolor sit amet. Lorem ipsum dolor sit amet, consetetur sadipscing elitr, sed diam nonumy eirmod tempor invidunt ut labore et dolore magna aliquyam erat, sed diam voluptua. At vero eos et accusam et justo duo dolores et ea rebum. Stet clita kasd gubergren, no sea takimata sanctus est Lorem ipsum dolor sit amet. Lorem ipsum dolor sit amet, consetetur sadipscing elitr, sed diam nonumy eirmod tempor invidunt ut labore et dolore magna aliquyam erat, sed diam voluptua. At vero eos et accusam et justo duo dolores et ea rebum. Stet clita kasd gubergren, no sea takimata sanctus est Lorem ipsum dolor sit amet.</p>\n','<p>Lorem ipsum dolor sit amet, consetetur sadipscing elitr, sed diam nonumy eirmod tempor invidunt ut labore et dolore magna aliquyam erat, sed diam voluptua. At vero eos et accusam et justo duo dolores et ea rebum. Stet clita kasd gubergren, no sea takimata sanctus est Lorem ipsum dolor sit amet. Lorem ipsum dolor sit amet, consetetur sadipscing elitr, sed diam nonumy eirmod tempor invidunt ut labore et dolore magna aliquyam erat, sed diam voluptua. At vero eos et accusam et justo duo dolores et ea rebum. Stet clita kasd gubergren, no sea takimata sanctus est Lorem ipsum dolor sit amet. Lorem ipsum dolor sit amet, consetetur sadipscing elitr, sed diam nonumy eirmod tempor invidunt ut labore et dolore magna aliquyam erat, sed diam voluptua. At vero eos et accusam et justo duo dolores et ea rebum. Stet clita kasd gubergren, no sea takimata sanctus est Lorem ipsum dolor sit amet.</p>\n\n<p><span style=\"line-height:1.6\">Lorem ipsum dolor sit amet, consetetur sadipscing elitr, sed diam nonumy eirmod tempor invidunt ut labore et dolore magna aliquyam erat, sed diam voluptua. At vero eos et accusam et justo duo dolores et ea rebum. Stet clita kasd gubergren, no sea takimata sanctus est Lorem ipsum dolor sit amet. Lorem ipsum dolor sit amet, consetetur sadipscing elitr, sed diam nonumy eirmod tempor invidunt ut labore et dolore magna aliquyam erat, sed diam voluptua. At vero eos et accusam et justo duo dolores et ea rebum. Stet clita kasd gubergren, no sea takimata sanctus est Lorem ipsum dolor sit amet. Lorem ipsum dolor sit amet, consetetur sadipscing elitr, sed diam nonumy eirmod tempor invidunt ut labore et dolore magna aliquyam erat, sed diam voluptua. At vero eos et accusam et justo duo dolores et ea rebum. Stet clita kasd gubergren, no sea takimata sanctus est Lorem ipsum dolor sit amet.</span></p>\n','izodiac','0','2015-02-03 09:02:55',NULL),
	(14,'1','4',3,'tra 1',NULL,'img/contents/b3c81666c7e4b9c81e5b501bfed4aa5e.png','<p>Lorem ipsum dolor sit amet, consetetur sadipscing elitr, sed diam nonumy eirmod tempor invidunt ut labore et dolore magna aliquyam erat, sed diam voluptua. At vero eos et accusam et justo duo dolores et ea rebum. Stet clita kasd gubergren, no sea takimata sanctus est Lorem ipsum dolor sit amet. Lorem ipsum dolor sit amet, consetetur sadipscing elitr, sed diam nonumy eirmod tempor invidunt ut labore et dolore magna aliquyam erat, sed diam voluptua. At vero eos et accusam et justo duo dolores et ea rebum. Stet clita kasd gubergren, no sea takimata sanctus est Lorem ipsum dolor sit amet. Lorem ipsum dolor sit amet, consetetur sadipscing elitr, sed diam nonumy eirmod tempor invidunt ut labore et dolore magna aliquyam erat, sed diam voluptua. At vero eos et accusam et justo duo dolores et ea rebum. Stet clita kasd gubergren, no sea takimata sanctus est Lorem ipsum dolor sit amet.</p>\n',NULL,'<p>Lorem ipsum dolor sit amet, consetetur sadipscing elitr, sed diam nonumy eirmod tempor invidunt ut labore et dolore magna aliquyam erat, sed diam voluptua. At vero eos et accusam et justo duo dolores et ea rebum. Stet clita kasd gubergren, no sea takimata sanctus est Lorem ipsum dolor sit amet. Lorem ipsum dolor sit amet, consetetur sadipscing elitr, sed diam nonumy eirmod tempor invidunt ut labore et dolore magna aliquyam erat, sed diam voluptua. At vero eos et accusam et justo duo dolores et ea rebum. Stet clita kasd gubergren, no sea takimata sanctus est Lorem ipsum dolor sit amet. Lorem ipsum dolor sit amet, consetetur sadipscing elitr, sed diam nonumy eirmod tempor invidunt ut labore et dolore magna aliquyam erat, sed diam voluptua. At vero eos et accusam et justo duo dolores et ea rebum. Stet clita kasd gubergren, no sea takimata sanctus est Lorem ipsum dolor sit amet.</p>\n\n<p>Duis autem vel eum iriure dolor in hendrerit in vulputate velit esse molestie consequat, vel illum dolore eu feugiat nulla facilisis at vero eros et accumsan et iusto odio dignissim qui blandit praesent luptatum zzril delenit augue duis dolore te feugait nulla facilisi. Lorem ipsum dolor sit amet, consectetuer adipiscing elit, sed diam nonummy nibh euismod tincidunt ut laoreet dolore magna aliquam erat volutpat.</p>\n\n<p>Ut wisi enim ad minim veniam, quis nostrud exerci tation ullamcorper suscipit lobortis nisl ut aliquip ex ea commodo consequat. Duis autem vel eum iriure dolor in hendrerit in vulputate velit esse molestie consequat, vel illum dolore eu feugiat nulla facilisis at vero eros et accumsan et iusto odio dignissim qui blandit praesent luptatum zzril delenit augue duis dolore te feugait nulla facilisi.</p>\n\n<p>Nam liber tempor cum soluta nobis eleifend option congue nihil imperdiet doming id quod mazim placerat facer possim assum. Lorem ipsum dolor sit amet, consectetuer adipiscing elit, sed diam nonummy nibh euismod tincidunt ut laoreet dolore magna aliquam erat volutpat. Ut wisi enim ad minim veniam, quis nostrud exerci tation ullamcorper suscipit lobortis nisl ut aliquip ex ea commodo consequat.</p>\n\n<p>Duis autem vel eum iriure dolor in hendrerit in vulputate velit esse molestie consequat, vel illum dolore eu feugiat nulla facilisis.</p>\n',NULL,'izodiac','0','2015-01-21 06:01:11',NULL),
	(15,'1','4',3,'tra 2',NULL,'img/contents/b3c81666c7e4b9c81e5b501bfed4aa5e.png','<p>Lorem ipsum dolor sit amet, consetetur sadipscing elitr, sed diam nonumy eirmod tempor invidunt ut labore et dolore magna aliquyam erat, sed diam voluptua. At vero eos et accusam et justo duo dolores et ea rebum. Stet clita kasd gubergren, no sea takimata sanctus est Lorem ipsum dolor sit amet. Lorem ipsum dolor sit amet, consetetur sadipscing elitr, sed diam nonumy eirmod tempor invidunt ut labore et dolore magna aliquyam erat, sed diam voluptua. At vero eos et accusam et justo duo dolores et ea rebum. Stet clita kasd gubergren, no sea takimata sanctus est Lorem ipsum dolor sit amet. Lorem ipsum dolor sit amet, consetetur sadipscing elitr, sed diam nonumy eirmod tempor invidunt ut labore et dolore magna aliquyam erat, sed diam voluptua. At vero eos et accusam et justo duo dolores et ea rebum. Stet clita kasd gubergren, no sea takimata sanctus est Lorem ipsum dolor sit amet.</p>\n',NULL,'<p>Lorem ipsum dolor sit amet, consetetur sadipscing elitr, sed diam nonumy eirmod tempor invidunt ut labore et dolore magna aliquyam erat, sed diam voluptua. At vero eos et accusam et justo duo dolores et ea rebum. Stet clita kasd gubergren, no sea takimata sanctus est Lorem ipsum dolor sit amet. Lorem ipsum dolor sit amet, consetetur sadipscing elitr, sed diam nonumy eirmod tempor invidunt ut labore et dolore magna aliquyam erat, sed diam voluptua. At vero eos et accusam et justo duo dolores et ea rebum. Stet clita kasd gubergren, no sea takimata sanctus est Lorem ipsum dolor sit amet. Lorem ipsum dolor sit amet, consetetur sadipscing elitr, sed diam nonumy eirmod tempor invidunt ut labore et dolore magna aliquyam erat, sed diam voluptua. At vero eos et accusam et justo duo dolores et ea rebum. Stet clita kasd gubergren, no sea takimata sanctus est Lorem ipsum dolor sit amet.</p>\n\n<p>Duis autem vel eum iriure dolor in hendrerit in vulputate velit esse molestie consequat, vel illum dolore eu feugiat nulla facilisis at vero eros et accumsan et iusto odio dignissim qui blandit praesent luptatum zzril delenit augue duis dolore te feugait nulla facilisi. Lorem ipsum dolor sit amet, consectetuer adipiscing elit, sed diam nonummy nibh euismod tincidunt ut laoreet dolore magna aliquam erat volutpat.</p>\n\n<p>Ut wisi enim ad minim veniam, quis nostrud exerci tation ullamcorper suscipit lobortis nisl ut aliquip ex ea commodo consequat. Duis autem vel eum iriure dolor in hendrerit in vulputate velit esse molestie consequat, vel illum dolore eu feugiat nulla facilisis at vero eros et accumsan et iusto odio dignissim qui blandit praesent luptatum zzril delenit augue duis dolore te feugait nulla facilisi.</p>\n\n<p>Nam liber tempor cum soluta nobis eleifend option congue nihil imperdiet doming id quod mazim placerat facer possim assum. Lorem ipsum dolor sit amet, consectetuer adipiscing elit, sed diam nonummy nibh euismod tincidunt ut laoreet dolore magna aliquam erat volutpat. Ut wisi enim ad minim veniam, quis nostrud exerci tation ullamcorper suscipit lobortis nisl ut aliquip ex ea commodo consequat.</p>\n\n<p>Duis autem vel eum iriure dolor in hendrerit in vulputate velit esse molestie consequat, vel illum dolore eu feugiat nulla facilisis.</p>\n',NULL,'izodiac','0','2015-01-21 06:01:11',NULL),
	(22,'1','3',0,'blog 3 ES','blog 3','img/contents/0f5430f0da0e72d02aa4017ee3d64dbe.jpg','<p>ES, Lorem ipsum dolor sit amet, consetetur sadipscing elitr, sed diam nonumy eirmod tempor invidunt ut labore et dolore magna aliquyam erat, sed diam voluptua. At vero eos et accusam et justo duo dolores et ea rebum. Stet clita kasd gubergren, no sea takimata sanctus est Lorem ipsum dolor sit amet. Lorem ipsum dolor sit amet, consetetur sadipscing elitr, sed diam nonumy eirmod tempor invidunt ut labore et dolore magna aliquyam erat, sed diam voluptua. At vero eos et accusam et justo duo dolores et ea rebum. Stet clita kasd gubergren, no sea takimata sanctus est Lorem ipsum dolor sit amet. Lorem ipsum dolor sit amet, consetetur sadipscing elitr, sed diam nonumy eirmod tempor invidunt ut labore et dolore magna aliquyam erat, sed diam voluptua. At vero eos et accusam et justo duo dolores et ea rebum. Stet clita kasd gubergren, no sea takimata sanctus est Lorem ipsum dolor sit amet.</p>\n','<p>Lorem ipsum dolor sit amet, consetetur sadipscing elitr, sed diam nonumy eirmod tempor invidunt ut labore et dolore magna aliquyam erat, sed diam voluptua. At vero eos et accusam et justo duo dolores et ea rebum. Stet clita kasd gubergren, no sea takimata sanctus est Lorem ipsum dolor sit amet. Lorem ipsum dolor sit amet, consetetur sadipscing elitr, sed diam nonumy eirmod tempor invidunt ut labore et dolore magna aliquyam erat, sed diam voluptua. At vero eos et accusam et justo duo dolores et ea rebum. Stet clita kasd gubergren, no sea takimata sanctus est Lorem ipsum dolor sit amet. Lorem ipsum dolor sit amet, consetetur sadipscing elitr, sed diam nonumy eirmod tempor invidunt ut labore et dolore magna aliquyam erat, sed diam voluptua. At vero eos et accusam et justo duo dolores et ea rebum. Stet clita kasd gubergren, no sea takimata sanctus est Lorem ipsum dolor sit amet.</p>\n','<p>ES, Lorem ipsum dolor sit amet, consetetur sadipscing elitr, sed diam nonumy eirmod tempor invidunt ut labore et dolore magna aliquyam erat, sed diam voluptua. At vero eos et accusam et justo duo dolores et ea rebum. Stet clita kasd gubergren, no sea takimata sanctus est Lorem ipsum dolor sit amet. Lorem ipsum dolor sit amet, consetetur sadipscing elitr, sed diam nonumy eirmod tempor invidunt ut labore et dolore magna aliquyam erat, sed diam voluptua. At vero eos et accusam et justo duo dolores et ea rebum. Stet clita kasd gubergren, no sea takimata sanctus est Lorem ipsum dolor sit amet. Lorem ipsum dolor sit amet, consetetur sadipscing elitr, sed diam nonumy eirmod tempor invidunt ut labore et dolore magna aliquyam erat, sed diam voluptua. At vero eos et accusam et justo duo dolores et ea rebum. Stet clita kasd gubergren, no sea takimata sanctus est Lorem ipsum dolor sit amet.</p>\n\n<p>Lorem ipsum dolor sit amet, consetetur sadipscing elitr, sed diam nonumy eirmod tempor invidunt ut labore et dolore magna aliquyam erat, sed diam voluptua. At vero eos et accusam et justo duo dolores et ea rebum. Stet clita kasd gubergren, no sea takimata sanctus est Lorem ipsum dolor sit amet. Lorem ipsum dolor sit amet, consetetur sadipscing elitr, sed diam nonumy eirmod tempor invidunt ut labore et dolore magna aliquyam erat, sed diam voluptua. At vero eos et accusam et justo duo dolores et ea rebum. Stet clita kasd gubergren, no sea takimata sanctus est Lorem ipsum dolor sit amet. Lorem ipsum dolor sit amet, consetetur sadipscing elitr, sed diam nonumy eirmod tempor invidunt ut labore et dolore magna aliquyam erat, sed diam voluptua. At vero eos et accusam et justo duo dolores et ea rebum. Stet clita kasd gubergren, no sea takimata sanctus est Lorem ipsum dolor sit amet.</p>\n','<p>Lorem ipsum dolor sit amet, consetetur sadipscing elitr, sed diam nonumy eirmod tempor invidunt ut labore et dolore magna aliquyam erat, sed diam voluptua. At vero eos et accusam et justo duo dolores et ea rebum. Stet clita kasd gubergren, no sea takimata sanctus est Lorem ipsum dolor sit amet. Lorem ipsum dolor sit amet, consetetur sadipscing elitr, sed diam nonumy eirmod tempor invidunt ut labore et dolore magna aliquyam erat, sed diam voluptua. At vero eos et accusam et justo duo dolores et ea rebum. Stet clita kasd gubergren, no sea takimata sanctus est Lorem ipsum dolor sit amet. Lorem ipsum dolor sit amet, consetetur sadipscing elitr, sed diam nonumy eirmod tempor invidunt ut labore et dolore magna aliquyam erat, sed diam voluptua. At vero eos et accusam et justo duo dolores et ea rebum. Stet clita kasd gubergren, no sea takimata sanctus est Lorem ipsum dolor sit amet.</p>\n\n<p><span style=\"line-height:1.6\">Lorem ipsum dolor sit amet, consetetur sadipscing elitr, sed diam nonumy eirmod tempor invidunt ut labore et dolore magna aliquyam erat, sed diam voluptua. At vero eos et accusam et justo duo dolores et ea rebum. Stet clita kasd gubergren, no sea takimata sanctus est Lorem ipsum dolor sit amet. Lorem ipsum dolor sit amet, consetetur sadipscing elitr, sed diam nonumy eirmod tempor invidunt ut labore et dolore magna aliquyam erat, sed diam voluptua. At vero eos et accusam et justo duo dolores et ea rebum. Stet clita kasd gubergren, no sea takimata sanctus est Lorem ipsum dolor sit amet. Lorem ipsum dolor sit amet, consetetur sadipscing elitr, sed diam nonumy eirmod tempor invidunt ut labore et dolore magna aliquyam erat, sed diam voluptua. At vero eos et accusam et justo duo dolores et ea rebum. Stet clita kasd gubergren, no sea takimata sanctus est Lorem ipsum dolor sit amet.</span></p>\n','izodiac','0','2015-02-03 09:02:55',NULL);

/*!40000 ALTER TABLE `contents` ENABLE KEYS */;
UNLOCK TABLES;


# Dump of table newsletters
# ------------------------------------------------------------

DROP TABLE IF EXISTS `newsletters`;

CREATE TABLE `newsletters` (
  `id` int(11) unsigned NOT NULL AUTO_INCREMENT,
  `id_type` int(11) DEFAULT NULL,
  `name` varchar(100) DEFAULT NULL,
  `email` varchar(200) DEFAULT NULL,
  PRIMARY KEY (`id`)
) ENGINE=MyISAM DEFAULT CHARSET=utf8;



# Dump of table profiles
# ------------------------------------------------------------

DROP TABLE IF EXISTS `profiles`;

CREATE TABLE `profiles` (
  `id` int(11) unsigned NOT NULL AUTO_INCREMENT,
  `id_status` int(11) DEFAULT NULL,
  `name` varchar(50) DEFAULT NULL,
  PRIMARY KEY (`id`)
) ENGINE=MyISAM DEFAULT CHARSET=utf8;

LOCK TABLES `profiles` WRITE;
/*!40000 ALTER TABLE `profiles` DISABLE KEYS */;

INSERT INTO `profiles` (`id`, `id_status`, `name`)
VALUES
	(1,1,'ROOT'),
	(2,1,'Customer'),
	(3,1,'Employee');

/*!40000 ALTER TABLE `profiles` ENABLE KEYS */;
UNLOCK TABLES;


# Dump of table status
# ------------------------------------------------------------

DROP TABLE IF EXISTS `status`;

CREATE TABLE `status` (
  `id` tinyint(3) unsigned NOT NULL AUTO_INCREMENT,
  `name` varchar(45) NOT NULL,
  PRIMARY KEY (`id`)
) ENGINE=MyISAM DEFAULT CHARSET=utf8;

LOCK TABLES `status` WRITE;
/*!40000 ALTER TABLE `status` DISABLE KEYS */;

INSERT INTO `status` (`id`, `name`)
VALUES
	(1,'active'),
	(2,'inactive');

/*!40000 ALTER TABLE `status` ENABLE KEYS */;
UNLOCK TABLES;


# Dump of table wpanel_users
# ------------------------------------------------------------

DROP TABLE IF EXISTS `wpanel_users`;

CREATE TABLE `wpanel_users` (
  `id` int(11) unsigned NOT NULL AUTO_INCREMENT,
  `id_status` int(11) DEFAULT NULL,
  `id_profile` int(11) DEFAULT NULL,
  `name` varchar(50) DEFAULT NULL,
  `last_name` varchar(50) DEFAULT NULL,
  `phone` varchar(20) DEFAULT NULL,
  `email` varchar(100) DEFAULT NULL,
  `password` varchar(50) DEFAULT NULL,
  `address` mediumtext,
  `country` varchar(50) DEFAULT NULL,
  `state` varchar(50) DEFAULT NULL,
  `city` varchar(50) DEFAULT NULL,
  `zip` varchar(10) DEFAULT NULL,
  PRIMARY KEY (`id`)
) ENGINE=MyISAM DEFAULT CHARSET=utf8;

LOCK TABLES `wpanel_users` WRITE;
/*!40000 ALTER TABLE `wpanel_users` DISABLE KEYS */;

INSERT INTO `wpanel_users` (`id`, `id_status`, `id_profile`, `name`, `last_name`, `phone`, `email`, `password`, `address`, `country`, `state`, `city`, `zip`)
VALUES
	(1,1,1,'Karla','Monrivé','4056696331','info@izodiac.me','thisismyPassword','Lo Angeles, CA','US','CA','LA','73116');

/*!40000 ALTER TABLE `wpanel_users` ENABLE KEYS */;
UNLOCK TABLES;



/*!40111 SET SQL_NOTES=@OLD_SQL_NOTES */;
/*!40101 SET SQL_MODE=@OLD_SQL_MODE */;
/*!40014 SET FOREIGN_KEY_CHECKS=@OLD_FOREIGN_KEY_CHECKS */;
/*!40101 SET CHARACTER_SET_CLIENT=@OLD_CHARACTER_SET_CLIENT */;
/*!40101 SET CHARACTER_SET_RESULTS=@OLD_CHARACTER_SET_RESULTS */;
/*!40101 SET COLLATION_CONNECTION=@OLD_COLLATION_CONNECTION */;
